id,type,text1,text2,text3,text4,notes
#武器#,,,,,,
HWI_TurbocannonL,WEAPON,"这种能量武器在发射时会为涡轮充能，提高开火速度。具备极长的射程，因而通常作为投射压制火力的武器使用。

涡轮炮发展自某种外星速射武器。尽管武器工业尝试了多种方法，仍无法使大型化的射弹威力进一步提高。这成为了制约这种武器恐怖威力的唯一因素。但武器工业成功设计了一种为涡轮武器特殊设计的兼容武器槽位，能使射弹进一步稳定，达到提高射程的效果。

",,,,
HWI_TurbocannonM,WEAPON,"这种能量武器在发射时会为涡轮充能，提高开火速度。具备极长的射程，因而通常作为投射压制火力的武器使用。

涡轮炮发展自某种外星速射武器。尽管武器工业尝试了多种方法，仍无法使大型化的射弹威力进一步提高。这成为了制约这种武器恐怖威力的唯一因素。但武器工业成功设计了一种为涡轮武器特殊设计的兼容武器槽位，能使射弹进一步稳定，达到提高射程的效果。

",,,,
HWI_TurbocannonS,WEAPON,"这种能量武器在发射时会为涡轮充能，提高开火速度。具备极长的射程，因而通常作为投射压制火力的武器使用。

涡轮炮发展自某种外星速射武器。尽管武器工业尝试了多种方法，仍无法使大型化的射弹威力进一步提高。这成为了制约这种武器恐怖威力的唯一因素。但武器工业成功设计了一种为涡轮武器特殊设计的兼容武器槽位，能使射弹进一步稳定，达到提高射程的效果。

",,,,
HWI_TurbocannonSPD,WEAPON,虽然也采用了涡轮技术，但这种廉价的防御武器并未涉及复杂的压缩结构，其能量弹体会迅速失稳。通常利用其极高的射速，作为协助主要防御武器的廉价选项。,,,,
HWI_MassDriverL,WEAPON,使用无惯性质量加速技术的重型弹射器，能发射多种通用载荷以应对各种需求。对几乎任何战术环境都能提供适当的处理，但远称不上完美。广泛作为光环动力舰队的实弹武器装备。,,,,
HWI_MassDriverM,WEAPON,使用无惯性质量加速技术的中型弹射器，能发射多种通用载荷以应对各种需求。对几乎任何战术环境都能提供适当的处理，但远称不上完美。广泛作为光环动力舰队的实弹武器装备。,,,,
HWI_MassDriverS,WEAPON,使用无惯性质量加速技术的轻型弹射器，能发射多种通用载荷以应对各种需求。对几乎任何战术环境都能提供适当的处理，但远称不上完美。广泛作为光环动力舰队的实弹武器装备。,,,,
HWI_Arbiter,WEAPON,仲裁者-重型火炮系统搭载了先进火控系统，能降低开火后校正的时间。这种武器为满足与重装甲目标战斗的需求而开发，以弥补质量驱动器高爆载荷较为贫瘠的伤害。,,,,
HWI_Duality,WEAPON,二象性-弹炮一体防空系统是一种较为古老的设计。尽管大部分情况下，高射炮被认为已经足以处理各种防空需求，在面对重型战机时仍然稍显不足。二象性搭载的防空导弹延长了其防御范围，但较高的维护需求限制了其大规模列装。,,,,
HWI_POS_Pod,WEAPON,能生成不明原理但具备一定智能表现的能量团簇。能量团簇会环绕发射源直到附近出现不受保护的目标。,"- ""至少它们很听话，不是吗？""",,,
HWI_Stella,WEAPON,星流-DEM是基于DEM做出的特殊改型。光环动力的技术能将高度压缩的物质源压缩到弹头中，在目标周围启发碎屑流，对目标造成伤害。这种碎屑物质无法威胁到常规装甲，但能在撞击时产生大量干扰以瘫痪目标的各类系统。,,,,
HWI_Stella_Fighter,WEAPON,星流-DEM是基于DEM做出的特殊改型。光环动力的技术能将高度压缩的物质源压缩到弹头中，在目标周围启发碎屑流，对目标造成伤害。这种碎屑物质无法威胁到常规装甲，但能在撞击时产生大量干扰以瘫痪目标的各类系统。,,,,
HWI_Astesia,WEAPON,星流-DEM是基于DEM做出的特殊改型。光环动力的技术能将高度压缩的物质源压缩到弹头中，在目标周围启发碎屑流，对目标造成伤害。这种碎屑物质无法威胁到常规装甲，但能在撞击时产生大量干扰以瘫痪目标的各类系统。,,,,
HWI_AntiAromr,WEAPON,共振矩阵发射一束干扰装甲共振频率的射流，使装甲的性能下降。由于射流能量有限，对越大型的目标越难以阻止频率恢复，但对于装甲性能的改变受到的影响不大。,,,,
HWI_Disruptor,WEAPON,干扰矩阵携带一种针对能量回路攻击的纳米机械，由于不攻击核心部件，很难被自动修复设施第一时间识别。科学技术部编写了复杂的控制程序，使这些机械会优先攻击对方的指挥通路，导致目标无法控制护盾和战术系统。,,,,
HWI_Wingman,WEAPON,"""先进防空计划""的产物。这种防空系统一反以往基于常规打击的防御模式，转而使用自动甄别威胁的护盾无人机进行防御。这些防空设备不仅能拦截常规的导弹，还能拦截光束和射弹——代价则是昂贵的成本和维护费用。",,,,
HWI_FirstMantitude,WEAPON,以未知技术发射聚焦物质流的装置。技术军官们对它的原理毫无头绪。可确认的是：这座装置能将能量转化为物质，集中到射流末端，在极短的时间内以不符合已知物理学的方式压缩、点火、燃烧、爆发，具备显著的恒星特征而且在每次测试中都高度一致，唯一的问题是这些物质的质量无论如何都不足以产生这些过程。行动长官旁观了整个测试过程，她觉得这是魔法。,"- ""我打算送您一颗星星。一颗独一无二的星星。""",,,
HWI_ConquerorCannon,WEAPON,内置于诺言-级和誓约-级的重型涡轮炮，直连反应堆以疏导部分幅能进入等离子弹体，加强威力的同时辅助这两型舰船的耗散能力。,,,,
HWI_Counter,WEAPON,发射高度压缩等离子体的重型防空武器，反击为防御重型目标和密集导弹波次而生，能瞬间扫平大范围的敌对目标。等离子体在发射时就已进行了预调频，如果不受干扰的话，它们总能在预期的时间后爆炸。,,,,
HWI_HammerOfHumanity,WEAPON,这门直连反应堆的巨型火炮内置于未明-级的轴线上，能对任何目标造成毁灭性打击。其最初被设计用于对抗难以移动的巨型目标，未明-级则作为一种高速攻城炮舰使用。随着游星-级的投入使用，未明-级的设计目的也被调整为高速机动的攻城巡洋舰，科学技术部也成功为人理之锤设计了某种制导能力。,,,,
HWI_Apocalypse,WEAPON,高射速的战舰级机炮。对天启-级通常使用的地面战场合足够压制和摧毁大部分目标，对大型目标效果不佳。,,,,
HSI_Apocalypse_LA,WEAPON,投掷一枚常见的罐式加农炮弹药作为手雷。这种廉价可靠的爆炸物只需要很小的机构就能制造，在需要爆炸物火力的环境极其有效。,,,,
HWI_Bury,WEAPON,一门为小型载具提供的防空武器。高效，精密，体积极小。但较弱的威力限制了它在更大型载体上的发挥。,,,,
HWI_Phenomenon,WEAPON,经过特殊设计的定向电弧云发射器。能发射一团不稳定的电弧云，不断对附近的敌对目标造成巨大干扰。并能被纸鸢-级的内置回路吸收逸散的能量，提高纸鸢-级的性能。,,,,
HWI_FocusLance,WEAPON,一种奇怪的聚焦设计，持续照射时能同步对方护盾频率而无视部分防护效果，并以骇人的功率输出撕裂任何防护措施。战争部高度肯定了这种武器的优秀——这对科学技术部的武器来说非常少见。很多人认为这种武器的原型来自于臭名昭著的龙炎DEM，科学技术部从未对此发表声明。,,,,
HWI_FlakTF,WEAPON,基于广为使用的高射炮改造而来，经过少量改造武器系统，使其获得了发射大威力弹药的能力。但为了维持高射炮廉价的优势，这种武器生产的弹药只能定时引爆以避免进一步扩展弹药锻炉。,,,,
HWI_Fireworks_S,WEAPON,一款高速轻型鱼雷，为光环动力广泛列装的雷击舰提供了可靠的长程火力。这款鱼雷拥有优异的射程、速度和载弹量，代价是稍大的空间占用。,,,,
HWI_Fireworks_M,WEAPON,一款高速轻型鱼雷，为光环动力广泛列装的雷击舰提供了可靠的长程火力。这款鱼雷拥有优异的射程、速度和载弹量，代价是稍大的空间占用。,,,,
HWI_Fireworks_L,WEAPON,一款高速轻型鱼雷，为光环动力广泛列装的雷击舰提供了可靠的长程火力。这款鱼雷拥有优异的射程、速度和载弹量，代价是稍大的空间占用。,,,,
HSI_DancingButterFly,WEAPON,[拒绝访问],,,,
HWI_Crosswind,WEAPON,尽管舰船设计师们据理力争，认为导弹槽位应当执行爆发式火力打击以迅速摧毁目标，相当大部分的舰长们仍然认为自己需要一门可以执行持续近距离压制的导弹武器——而不是歼灭者这种迅速打空的火箭巢。配置了先进锁定系统的横风应运而生。这种飞弹舱一经锁定便可在极大的范围里保持对目标的压制。,,,,
HWI_IonLance,WEAPON,一种小型化速子长矛的设计。尽管火力并不出众，命中时造成的高额干扰仍然使其成为了众多小型舰船指挥官的最爱。,,,,
HWI_IonLanceM,WEAPON,一种小型化速子长矛的设计。尽管火力并不出众，命中时造成的高额干扰仍然使其成为了众多小型舰船指挥官的最爱。,,,,
HWI_mjolnir,WEAPON,能持续产生可观伤害，且具备杰出 EMP 破坏力的中程加农炮。,,,,
HWI_lightneedler,WEAPON,能以爆发性速度发射大量小型箭弹。体积虽小，却能在单次开火下迅速击溃绝大多数护盾系统，但对装甲却难以起效。经过武器工业的特殊改装，使其能发挥额外的战术效果。,,,,
HWI_heavyneedler,WEAPON,装在加重底座上的联装轻型针刺。以迅速击溃护盾而被人们所熟知。经过武器工业的特殊改装，使其能发挥额外的战术效果。,,,,
HWI_irautolance,WEAPON,能进行短时爆发的廉价轻型光束。由于其光束不够凝聚，无法对抗常规的舰船装甲。经过武器工业的特殊改装，使其能发挥额外的战术效果。,,,,
HWI_guardian,WEAPON,能进行短时爆发的定向防御系统。由于其光束不够凝聚，无法对抗常规的舰船装甲。经过武器工业的特殊改装，使其能发挥额外的战术效果。,,,,
HWI_autopulse,WEAPON,能进行短时爆发的大型能量武器。经过武器工业的特殊改装，使其能发挥额外的战术效果。,,,,
HWI_Ragnarok,WEAPON,一种威力巨大但是使用极其受限的大型能量武器。其恐怖的威力来源于受到高度保护的弹药架内预装填的反物质弹药。由于这种弹药几乎无法在战斗中妥善装填，设计师取消了弹药补充系统，以更大的弹药架来提供一定的续航。有限的弹药和极其有限的射程使得这种武器通常安装于某些携带了大型槽位的小型舰船上。,,,,
HWI_Fireworks_Fighter,WEAPON,一款高速轻型鱼雷，为光环动力广泛列装的雷击舰提供了可靠的长程火力。这款鱼雷拥有优异的射程、速度和载弹量，代价是稍大的空间占用。,,,,
HWI_Standard,WEAPON,与二象性上使用的完全一致，这种敏捷的防空导弹能拦截各种小型目标。,,,,
HSI_Apocalypse_RA,WEAPON,用于摧毁沿途障碍的束能枪刃，能切开各类加固金属结构或是工事。,,,,
HWI_plasma,WEAPON,这种巨大而神秘的武器大概是星域中最具破坏力的持续伤害制造者。前提是安装该武器的战舰能处理它所产生的巨额幅能。,,,,
HWI_hil,WEAPON,这种射程远伤害高的激光武器，常被安装在那些需要高效反装甲武器的舰船或者火力支援舰上。,,,,
HWI_tachyonlance,WEAPON,拥有毁灭性破坏力与 EMP 洪流的瞬发型光束武器。武器工业的改装仅为其提供了熔毁协议的接口。,,,,
HWI_phasebeam,WEAPON,射程与持续时间短，但威力巨大的激光武器，与其他瞬发光束类似，均拥有极佳的装甲破坏力。,,,,
HWI_heavyblaster,WEAPON,能连续发射能量束的武器。极高的破坏力与极高的幅能输出，使其成为最具杀伤性的武器之一。武器工业设法降低了这种武器的威力，以此换取更为合理的幅能压力。由于减少了缓冲所需的能量导管，其幅能消耗也有所降低。,,,,
HWI_gravitonbeam,WEAPON,能远距离对护盾持续施压的非典型光束武器，但无法威胁到装甲。受限于其工作原理，对这种武器进行的改造微乎其微，以至于被戏称为只是涂了油漆。,,,,
HWI_ionbeam,WEAPON,作为远程支援武器，离子束能在目标硬幅能水平上升时，逐步产生穿透护盾的破坏性电磁脉冲弧，但较高的幅能成本限制了压制效果。武器工业的改装仅为其提供了熔毁协议的接口。,,,,
HWI_mininglaser,WEAPON,用于拦截导弹与战机的一种廉价且实用的激光武器。与众不同的构造使它拥有比大多数点防武器更优秀的射程。,,,,
HWI_heavyac,WEAPON,使用标准炮弹向中距离目标三发点射的三管自动加农炮。用来对付护盾时最为有效。武器工业改造了自动供弹和后座系统，并意外地发现这有助于加强重型自动炮贫弱的精度。,,,,
HWI_ionpulser,WEAPON,加强版离子炮，拥有足以在交战时迅速瘫痪敌舰系统与引擎的巨量 EMP 效果，并产生严重损伤着弹点附近模块的电弧。,,,,
HSI_Crossbow,WEAPON,弩手-无人作战单元 装备的重型火炮。具备跨射能力，射程极长，通常用于清扫工事，也可用于直射打击载具等重型目标。作为光环动力地面战斗的移动火力支点使用。,,,,
HSI_Arbaletrier_R,WEAPON,小型脉冲武器。压制能力较强，一般用作 弩手-无人作战单元 的近身防御武器。,,,,
HWI_Thunder,WEAPON,压缩有八枚奇点弹药的导弹，在距离目标较近时会一次性射出，具备优异的打击能力。,,,,
HWI_gauss,WEAPON,这种巨大的加速器能以极高的速度发射重型穿甲体，从远处对护盾造成毁灭性打击。,,,,
HWI_amblaster,WEAPON,这种被 速子科技 及其爪牙们广泛使用的毁灭性武器经历了大量实战检验，出于对其威力的肯定，武器工业将反物质冲击波也纳入了改造体系，并基于其原理开发了更大型的武器。,,,,
HWI_hveldriver,WEAPON,一种可靠的中距离武器，能发射高速穿甲体以摧毁目标的护盾。,,,,
HWI_lightdualac,WEAPON,这种能在近距离投射强大火力的轻型武器是许多不具备维护针刺的条件，或是热衷于冲锋的船长的最爱。武器工业对其的改造也极为有限——因为改无可改。,,,,
HWI_heavymauler,WEAPON,一种可靠的中距离武器，能发射高速高爆弹以撕碎目标的装甲。,,,,
HWI_Thunder_S,WEAPON,压缩有八枚奇点弹药的导弹，在距离目标较近时会一次性射出。相互之间的干扰使这些弹药难以精确命中目标，反而变相保证了优异的瘫痪效果。,,,,
HWI_Thunder_M,WEAPON,装载有数发 雷鸣MIRV 的发射器。轻量级设计导致其可用的弹药极少，同时也利于安装在小型舰船上。由于 雷鸣MIRV 的惊人杀伤力，即使对备弹有过分追求的舰长也很少批评其设计理念。,,,,
HWI_TingYu_M,WEAPON,用于反大型目标的低速重型鱼雷，采用约束战斗部，一旦约束场失稳就会造成巨大爆炸。为了解决传统制导系统受到的强烈干扰，武器工业使用了一种基于引力信号的自导设计，允许其向附近引力信号最强烈的目标进行有限的方向修正。有限的机动和狭窄的导引头视野尽可能阻止了听雨立刻折返攻击友军，但其漫长的动力段导致偶有鱼雷环绕大半个战场命中友军的事故发生。,,,,
HSI_Dancer_RA,WEAPON,均衡高射速等离子武器。在命中时，破裂的不稳定等离子会溢出并严重干扰周围的能量管线和通讯信号。可以装填不同型号的离子激发源以产生不同性质的等离子体，在实际战斗中更类似常规轻型射弹武器的使用方式。,,,,
HWI_UGB_S,WEAPON,一枚多用途惯性炸弹。最廉价和古老的无制导武器。,,,,
HWI_Roamer,WEAPON,发射微型空泡的高射速机炮，以能迅速摧毁各类防御措施而被纳入作战体系。独立电容器允许两侧同时倾泄爆发式火力，在爆发射击结束后需要一段时间为电容再次充能。,,,,
HWI_Liebe,WEAPON,"被冠以超巨型轨道炮之名的大型武器系统，其尺寸超过了常见的绝大多数武器，发射几乎能瞬间命中的高速射弹，由于其过快的弹速而经常被错认为光束武器。在开火前可以为电容过充能而提高射弹威力。""爱恋""的基础部分由涡轮炮改装而来，至于能量弹体如何由轨道加速，其中的原理科学技术部并未披露。",,,,
HWI_HuoShu,WEAPON,"在""二象性""大获成功后开发的衍生型导弹。采用了与""二象性""类似的微型锻炉设计，因而能在非导弹槽位上持续补充防空导弹。受限于空间和安全性考虑，""火树""发射的导弹威力远不如""二象性""。",,,,
HWI_WingMan_Catapult,WEAPON,"除了和""小帮手""使用同款无人机技术外几乎毫无相似之处。""大帮手""本质是某种可快速部署的无人机生产车间，能持续生产廉价、脆弱的无人机群对目标进行持续压制。为了达到设计目的，""大帮手""极大幅度削弱了无人机的防护性能和AI性能，只保留了最基础的防护。机群只能在中控的引导下发动攻击，其智能水平也许根本够不到AI核心的级别。",,,,
HWI_TingYu_L,WEAPON,"用于反大型目标的低速重型鱼雷，采用约束战斗部，一旦约束场失稳就会造成巨大爆炸。为了解决传统制导系统受到的强烈干扰，武器工业使用了一种基于引力信号的自导设计，允许其向附近引力信号最强烈的目标进行有限的方向修正。有限的机动和狭窄的导引头视野尽可能阻止了听雨立刻折返攻击友军，但其漫长的动力段导致偶有鱼雷环绕大半个战场命中友军的事故发生。大型版本的""听雨""采用了三发连射的设计模式，为了避免受相互之间引力信号的影响，这种连射间隔十分漫长。",,,,
HWI_Tunnel,WEAPON,"""中帮手""是帮手系列中最怪异的一位，其携带有三门可自由调度的离子矛发射极，对锁定目标的后部执行攻击。由于子机的低能量信号和小体积，几乎不可能被命中。对于小型舰船而言，这种高度精准而且使命必达的武器是毁灭性的。",,,,
HWI_irautolance_Fighter,WEAPON,能进行短时爆发的廉价轻型光束。由于其光束不够凝聚，无法对抗常规的舰船装甲。经过武器工业的特殊改装，使其能发挥额外的战术效果。,,,,
HWI_Kraken,WEAPON,"新近被纳入装备序列的""海妖""火箭由武器工业第三设计局开发，延续了他们一贯的低成本通用型风格。这款火箭舱具备优异的适装性，能安装在任何中型槽位上，但仅在导弹槽位上能完全发挥附加功能。这些功能巧妙使用了标准导弹接口的功能而不必增加武器死重。为弥补其不太令人满意的精度，这种火箭会在目标附近爆炸，以增加杀伤概率。",,,,
HWI_ArcBlaster,WEAPON,尽管其外观与马克九十分类似，但经过工程师团队的仔细检查，他们发现这种武器与马克九毫无联系。弧光冲击波以不明原理向目标施加超距作用，在对护盾造成严重破坏的同时还能向目标施加拉力。,,,,
,,,,,,
,,,,,,
HSI_Apostle_LA,WEAPON,约束型等离子剑，温度相较 天启 的束能枪刃更高，在切割方面表现更胜一筹。这种武器可以快速摧毁轻型目标，在主电脑辅助下，驾驶员甚至可以将来袭的导弹一分为二。,,,,
HSI_Apostle_RA,WEAPON,重型离子机枪，其火力与 自动脉冲激光 不相上下。考虑到体积和供能问题，这种武器的精妙程度远超常规大型舰载武器，然而其实际的作战效能并未有显著提升。,,,,
HSI_DayTimeMG,WEAPON,根据有限的技术手册，这种武器名为 白夜 ，作为 白昼-联队 唯一的武器使用。技术团队在测试中严重低估了这种武器的威力，他们设置的驱逐级装甲板被这种看似并不致密的粒子流迅速贯穿，很快他们发现这种武器的输出功率远不及看起来那么无害。,,,,
,,,,,,
HWI_SkyFire,WEAPON,"""毁灭性的红色光束从战场之外袭来，过载了 黑色幽默号 的护盾，钻开了装甲，最终从另一侧穿出，将叛军们引以为傲的旗舰变成了一团熔融的废铁。""",,,,
,,,,,,
,,,,,,
#舰船#,,,,,,
HSI_Thor,SHIP,挂载有一枚 雷鸣MIRV 导弹的反舰轰炸机。超长的挂载射程和相对较高的速度使其能在相对安全的距离打击目标，并借助屏障安全撤回母舰。配置有轻量级电弧发生器，能对试图拦截的敌方战机造成毁灭性打击。,,,,
HSI_Oath,SHIP,"誓约-级 是理事会早期使用外星技术武装大型舰船的实验型号。誓约-级在多次行动中表现出了远超原有型号的战斗潜力，因而被迅速投入量产以取代老旧的 攻势-级。 誓约-级 在设计时就以维持和推进阵线为主要目标，配备了厚重的装甲和庞大的幅能缓冲区，代价是牺牲了电网的散热能力。

在 誓约-级 的第二次改造中，搭载了只能短时激活的时间线圈，以为这艘巨舰提供一定程度的战术机动能力。这一实验性改造很快进行了推广，成为 誓约-级 的标准配置，也是如今最广为人知的型号。

这种保有量巨大的主力舰在大崩塌后的一百年间始终是光环动力舰队的中流砥柱，直到新锐的 风月-级、山雨-级 和少量超级主力舰投入现役，许多舰队才把 誓约-级 从旗舰的位置上替换下来。",,,,
HSI_Apocalyse,SHIP,"天启-重型无人作战单元原本是武器工业为地面战开发的重型机甲。携带有一具重型火神炮，搭配上战舰级的重甲，在地面战中能提供压倒性的优势——并使对方士兵的心理崩溃。为了提供在地面战中充足的机动性，以及可能的登船应用场景， 天启安装有三座推进器，足以支持短距离的空间机动。

理事会认为这种机甲稍加修改就可由飞行甲板生产，无需存储在货舱中。武器工业开发了舰载标准的LPC型天启，并被巡逻舰队广泛使用。这种强大的机甲不仅能在地面战中摧毁叛军，也能在太空中重创小型目标，而无需承担多少人员伤亡。

其最大的负面影响可能是霸主内部对其智能水平的担忧。不过在大量的军援和若隐若现的数个战斗群面前，没有人会把这件事提到明面上说。",,,,
HSI_Apocalyse_G,SHIP,天启火力改进型，内部代号“掷弹兵”。装有两具三联装肩部发射器，能向前方扇面发射毁灭性的罐式炸药。多用于执行反载具作战和建筑破坏任务，对巷战中固守的敌人也能造成严重杀伤。严重的附带损害使这种机体只会在无火力管制的战斗中出场。此外，这种改造占用了原本机炮的位置，因而这一型号的远程火力稍显贫弱。不少陆战队员认为这提高了它们的近战水平，但是武器工业的内部报告否认了近距离战斗经验与机体近战能力的相关性。,,,,
HSI_Citadel,SHIP,城池-级 应用了某种纠缠系统的变体——因为纠缠系统不足以支持 城池-级 携带的 坚城-火力平台。通过放弃其他功能只保留远程部署和回收模块，城池-级 得以将其绝大部分火力部署至战场的任意位置，以控制战术点或是为舰队提供支点，同时自身以接近巡洋舰的机动性继续控制战场。理事会将其划分为防御战列舰，以强调其同时安装两种护盾发生器带来的强大防护，以及贫瘠的进攻能力。,,,,
HSI_Promise,SHIP,诺言-级 是光环动力舰队中 统治者-级 的继任者。作为舰队的重巡洋舰保留了厚重的护盾和幅能缓冲区，并安装了一般光环动力舰船不具备的厚重装甲和结构强化场。代价是推进器能源减少而导致的机动不佳。通常在舰队中用于和其他舰船组成阵线，在高机动舰船撕扯出缺口后稳步推进并分割敌人。,,,,
HSI_Spade,SHIP,未明-级 安装有一门轴基重型火炮：人理之锤。薄弱的常规武备使 未明-级 不善于与敌方进行幅能交换，它更擅长于使用人理之锤和战术系统在短时间打出爆发伤害，迫使目标在极短的时间内承受高额伤害而过载或是受到严重损伤。强大的机动性使 未明-级 的生存性有相当高的保障，但是脆弱的舰体很难在护盾下线后承受伤害。,,,,
HSI_DengHuo,SHIP,灯火-级 是用于危险环境的特殊货舰。搭载有新式的炮台部署系统，面对海盗时不至于毫无还手之力。,,,,
HSI_Elegy,SHIP,挽歌-级 的造价极其昂贵。这种支援舰极其缺乏常规火力，但是携带的特殊设备能干扰目标的子系统运作，使目标接近瘫痪。为了弥补常规火力的不足，携带了目前仍被列为机密的 灵-系统，即使在围攻中也不至于落入下风，同时能以一种近乎神秘学的方式增加目标承受的损伤。,,,,
HSI_ZhiYuan,SHIP,纸鸢-级 善于对抗小型舰船，内置了一座特殊的电磁云发射器。此外，纸鸢-级 安装了特殊的逐流系统，使 纸鸢-级 能借助天象的溢出能量进行临时的战术机动。,,,,
HSI_T_01_68,SHIP,蝶-级。每一艘L部门的舰船都由理事长亲自经手，L部门之外再无人知晓其中的秘密。这艘精密而优雅的舰船具备威胁星区内最大型目标的能力。,,,,
HSI_TianGuang,SHIP,天光-级 拥有与尺寸不相符的恐怖火力。这种时流突击舰以高额的维护需求换取了战斗中惊人的威力，尤其善于猎杀对方的小型目标。,,,,
HSI_Comet,SHIP,"游星-级 作为辅助护卫舰活跃在光环动力舰队中。这些携带重火力的护卫舰不仅能辅助己方的大型舰船维持线列，也能在必要的时候与大型目标展开搏斗。

在 天光-级 和 云烟-级 大批量投入现役之前，光环动力的小型舰船几乎处于空白，只能使用老式的人之领设计和 游星-级 弥补护卫舰的缺失。",,,,
HSI_Maid,SHIP,女仆-联队 作为轻型支援机使用。这些小型无人机通常用于为大型战舰补充防护，唯一的优点是足够廉价。,,,,
HSI_Maid_S,SHIP,在全面分析了战术需求之后，武器工业对 女仆- 联队提出了一种改造方案。这种轻型投送平台具备进入大气的能力，如果携带廉价的惯性弹药，也许能用于轨道轰炸成本过于昂贵的目标，女仆-S 就此诞生。这种结构简单的无人机可以迅速生产补充，在长途巡逻中作为传统燃料轰炸的廉价替代品。,,,,
HSI_FengYue,SHIP,一艘庞大的攻击航母，能搭载远超人之领海军历史上任何型号航母的载机。除了巨大的机库和纳米生产车间外，风月-级 还安装了一套先进的联队管理系统，以调度其庞大的机队。舰体中安装有数套时空操作设备，能选择性加速机库生产设施、武器系统或是联队，进一步提高 风月-级 的战斗效率。自下水起，风月-级 就长期作为航母分队的中坚力量，以分队旗舰的身份活跃在光环动力舰队为数不多的航母分队中。,,,,
HSI_Camelot,SHIP,重型火力平台，搭载有主力舰级的火力。双重护盾的设计使 坚城 从各种意义上坚不可摧。由于过于紧凑的体积，只能安装巡洋舰级别的其他子系统。,,,,
HSI_Vision,SHIP,作为人之领时代就有雏形的突击舰，愿景-级 以巡洋学说为主要制导思想，目的是在对方防区附近投射支援导弹火力——或是作为矛头执行毁灭性打击。基于这种思路，愿景-级 将前部全部设计为导弹储备和生产空间，以贫弱的对前常规火力换取了强大的导弹火力和续航。五十年战争前，由于和速子的摩擦日益加剧，理事会认为战争风险愈来愈大，一大批旧式战舰被翻新了蓝图，愿景-级 正是其中之一。如今的 愿景-级 搭载有先进的护盾发生器和鱼雷工厂。,,,,
HSI_Weaver,SHIP,织缕-级 是一款轻型雷击舰。体型稍大，但配备了更强的引擎和脆弱船体的 织缕-级 并不如外观上那样笨拙。内置的生产设施使 织缕-级 能持续组织鱼雷打击。,,,,
HSI_ShanYu,SHIP,"山雨-级 被舰船工业分类为巡洋舰，但是由于安装了主力舰级别的子系统而不被其他势力承认。这也使得 山雨-级 并不如外观那样无害。灵活的火力配置配合高机动性，使 山雨-级 能轻松对抗大量小型目标。然而贫瘠的防护和对主力舰来说稍显逊色的火力使 山雨-级 难以在正面战场发挥作用。

作为""大型巡洋舰""计划的产物，山雨-级 是一条远超任何人之领时代巡洋舰尺寸的舰船——但又比传统意义上的战巡舰稍小。其搭载的时流系统可以完全将自身从本时空转移到另一条时间线，并以类似的方法将任何火力投射转移回来。早期实验中，测试人员发现这种系统会严重扰乱船上精密设备和生物的时间流，为此开发了时空稳定锚点。后续研究表明这种现象的影响随着脱离时间线的物体尺寸增加而剧烈上升，因而更小的型号无需安装此种设备。",,,,
HSI_Qiming,SHIP,启明-级 是一款轻型航母，通常用作护航航母使用。均衡的火力搭配 IFF 干扰器，对轻型目标具备极高的杀伤力。,,,,
HSI_Xianfeng,SHIP,朔风-级 开发于五十年战争后期，作为中型舰队的旗舰和航空支援舰使用。相较于老式航母，朔风-级 具备更精细规划的火力布局，使用较少的武器就能发挥出接近轻巡洋舰的火力。此外，在设计时就已经充分考虑到面对导弹火力的生存性，内置了一座当时声名鹊起的 反击 防空系统。,,,,
HSI_YunYan,SHIP,作为主力护卫舰的 云烟-级 是在与速子摩擦加剧期间，为对抗扩展纪元小型舰船设计的重火力护卫舰。强悍的火力即使面对专业炮艇也不落下风。,,,,
HSI_Mayfly,SHIP,一款专精防空的支援机，能在中近距离的战斗中提供全方位的防空屏障。对其他类型的目标效果颇为一般。,,,,
HSI_Flanker,SHIP,作为一款以制空为主要目的的战机，这种新锐截击机配备有强大但有限的重型防空火力。这些战机在备弹告罄后会立刻返航进行补给。这使得 侧卫 的战斗模式更类似轰炸机。,,,,
HSI_Conquest,SHIP,"暴君-级是老旧的征服者-级的全面升级型号。具备更厚重的装甲和新型的屏障系统，火力也进行了全面升级。

其前身超级征服者-级由速子科技受委托进行改造，搭载了高等级的护盾发生器和更厚重的装甲，以对抗日益加剧的舰载机威胁。人马座内战后，天苑四-乌托邦地形改造公司全面倒向光环动力，超级征服者-级也随之加入光环动力的现役队伍。五十年战争前，这些老舰的改造被提上日程，最终型号被命名为暴君-级。

新时代的战争态势与以往大为不同，以前的战术家们从未想过盾拖累矛的一天——而现在它降临了。在恐怖的火力面前，似乎只有更恐怖的火力才能扳回一城。

",,,,
HSI_Eagle,SHIP,金雕-级 扮演着机动远程火力支点的角色。换装屏障并未过多影响其战术风格，凭借无可挑剔的结构设计和武器配置， 金雕-级 可以说是舰船工业改造中变化幅度最小的。,,,,
HSI_Aurora,SHIP,能量屏障实用化后，极光-级 迅速被列入了改造名单。改造后称为 惑星-级，保留了 极光-级 经典的非对称设计。不少舰长认为这种改造实质上削弱了 惑星-级 的冲击能力。但充沛的武装使其在交火中仍然能发挥不俗的效率。,,,,
HSI_Sunder,SHIP,一款重火力驱逐舰。其原型是 破甲-级 驱逐舰，接受了全面重新设计后，以新的名字加入光环动力的舰队序列。猎隼-级 保留了 破甲-级 经典的武器布局和高能聚焦系统，只在结构上做出了一些改动。,,,,
HSI_Medusa,SHIP,高级驱逐舰，原型来自 美杜莎-级 驱逐舰。大部分设备配置同 美杜莎-级 一样，安装了经典的闪现驱动器和几乎一致的武器系统。冷雨-级 的船体结构经过大幅度改动，以充分利用更换护盾设备所产生的舰体空间。,,,,
HSI_Shrike,SHIP,这种尖端的突击轻型驱逐舰，与早已声名远扬的 野狼-级 来自同一设计团队。林枭-级 的推进系统在改造中被调整为可注入等离子，而非原型的爆裂驱动，使这条轻型驱逐舰获得了更强的战术主动权。,,,,
HSI_Wolf,SHIP,重锤-级是某种斗士-级的变体，作为小型鱼雷艇使用。其火控系统过于简略而难以与精密制导武器配合，而且也无法支持大体积的装填器或是纳米锻炉。绝大部分时候，重锤-级的战术目的就只是把船上的鱼雷对着某处射出去，然后撤离战场。,,,,
HSI_Scarab,SHIP,对于较为敏锐的船长来说，他们很容易发现 长风-级 和 圣甲虫-级 的联系。虽然两者的外形完全不同，火力配置却相当接近。长风-级 配置的仍是人之领时代使用的时流系统，相较于光环动力开发的时空操纵系统，在时间流速上更胜一筹，然而自身火力稍弱。,,,,
HSI_DaoHe,SHIP,一种通常用于军事运输的大型运输舰，在设计之初就不考虑基础的防御需求。武备的缺失使其变得极度脆弱，依赖护航舰队以确保基本的安全。节省的空间换取了相较常用货船更高的航速和坚固的船体。,,,,
HSI_DaoHe2,SHIP,一种通常用于军事运输的大型运输舰，在设计之初就不考虑基础的防御需求。武备的缺失使其变得极度脆弱，依赖护航舰队以确保基本的安全。节省的空间换取了相较常用货船更高的航速和坚固的船体。,,,,
HSI_Arbaletrier,SHIP,弩手-打击无人作战单元 是一款用于提供地面远程打击火力的中型机甲。其防护能力并不出色，但具有强大的反工事和反载具火力。太空战的改型仅在一队 弩手 联队中保留了一台使用 重弩 火炮，其余的 弩手 仅配置最基本的火力。,,,,
HSI_Arbaletrier_WingMan,SHIP,弩手-打击无人作战单元 是一款用于提供地面远程打击火力的中型机甲。其防护能力并不出色，但具有强大的反工事和反载具火力。太空战的改型仅在一队 弩手 联队中保留了一台使用 重弩 火炮，其余的 弩手 仅配置最基本的火力。,,,,
HSI_Dancer,SHIP,舞者-无人作战单元 是一款高速轻型无人作战单元，贫瘠的防御只能应对小口径武器，多用于前线侦查、渗透、袭扰等战术目的。这些灵巧而高速的机械能以高速在战场间机动，并依据战术需求配置不同的装备，从束能枪刃到离子冲锋枪应有尽有，传言中还可能配有隐形力场发生器。对地面战斗人员而言，相较于势不可挡但是行动迟缓的天启，不知何时绕过防线的舞者带来的恐惧感要更胜一筹。,,,,
,,,,,,
,,,,,,
HSI_Life,SHIP,"开发于五十年战争中期的浮生-级无畏舰，是光环动力为了应对速子逐渐表现出的主力舰集群倾向而开发的超级主力舰。其目的是提供一根足够锐利的矛，在双方的屏卫舰相互冲击、主力舰顾此失彼时直插对方的心脏，使用最极端的火力爆发压垮对方的阵线。

这型无畏舰配置了可以临时超载的推进系统，舰上搭载的熵反馈幅能网络和第四代时空操作系统使其在激烈交战中也能用并不突出的武器数量爆发出惊人的火力。正如光环动力的绝大部分舰船一样，浮生-级在设计时即采用了最先进的技术。其可靠性一度受到战争部的质疑，尤其是遍布全船的低温导能系统，这种技术在设计初期甚至还未进行完整的大规模生产测试。

作为首级无畏舰，浮生-级背后付出的高昂开发和建造成本为不少军方成员诟病，好在参与的数次战役中，浮生-级都取得了相当耀眼的战果。随着速子科技的溃败，战争迅速结束，原有的舰队生产计划几乎全面停止或是延期，目前不再生产的浮生-级成为了那些经历过大战的舰队手中的纪念碑。",,,,
HSI_UkiyoA,SHIP,"浮生-级的停止生产在战争部的意料之中：战争结束后，理事会不太可能允许这种昂贵的舰船继续生产。而誓约-级目前的改造潜力接近枯竭，急需一款全新的主力舰来填补空缺。舰船工业依据战争部提出的通用性、经济性和先进性的技术指标设计了浮世-级无畏舰，作为新一代的舰队支柱使用。

浮世-级的船体由浮生-级的设计修改而来，保留了标志性的尖尾和超越驱动器。主要改动集中在前部。浮世-级可以在任意标准船坞迅速改装为不同战术风格的舰船，以应对不同的战术需求，而且设计了舰队级别的辅助系统。强袭形态注重电子战和火力，拥有能覆盖整个战场的先进火控中枢和电子战用系统，能在任何已知情况下保障己方的信息链路畅通，并对舰队火力进行精确的协调。

相较于前辈浮生，浮世-级显得十分平庸。这条尚未证明过自己的无畏舰还有很长的路要走。
",,,,
HSI_UkiyoB,SHIP,"浮生-级的停止生产在战争部的意料之中：战争结束后，理事会不太可能允许这种昂贵的舰船继续生产。而誓约-级目前的改造潜力接近枯竭，急需一款全新的主力舰来填补空缺。舰船工业依据战争部提出的通用性、经济性和先进性的技术指标设计了浮世-级无畏舰，作为新一代的舰队支柱使用。

浮世-级的船体由浮生-级的设计修改而来，保留了标志性的尖尾和超越驱动器。主要改动集中在前部。浮世-级可以在任意标准船坞迅速改装为不同战术风格的舰船，以应对不同的战术需求，而且设计了舰队级别的辅助系统。航空形态注重战机打击能力，强大的指挥中枢能为整支舰队协调打击群调度，允许战机执行超远程打击，并搭载有数支精锐联队。此外，经过极限协调和计算，浮世-级可以在不影响正常运作的情况下让具有适当设计的友军航母组织额外的打击波次。

相较于前辈浮生，浮世-级显得十分平庸。这条尚未证明过自己的无畏舰还有很长的路要走。
",,,,
HSI_UkiyoC,SHIP,"浮生-级的停止生产在战争部的意料之中：战争结束后，理事会不太可能允许这种昂贵的舰船继续生产。而誓约-级目前的改造潜力接近枯竭，急需一款全新的主力舰来填补空缺。舰船工业依据战争部提出的通用性、经济性和先进性的技术指标设计了浮世-级无畏舰，作为新一代的舰队支柱使用。

浮世-级的船体由浮生-级的设计修改而来，保留了标志性的尖尾和超越驱动器。主要改动集中在前部。浮世-级可以在任意标准船坞迅速改装为不同战术风格的舰船，以应对不同的战术需求，而且设计了舰队级别的辅助系统。重装形态是舰队之壁，虽然不如其他两种形态那样具备对整支舰队的支援能力，但其拥有无与伦比的韧性。搭载的纳米修复场能为友军修复舰体损伤，坚固的装甲和船体也能为友军吸收致命的远程威胁。

相较于前辈浮生，浮世-级显得十分平庸。这条尚未证明过自己的无畏舰还有很长的路要走。
",,,,
,,,,,,
HSI_ShuoYeYu,SHIP,"""那东西就这样突然出现在我们背后的目视范围，战术官来不及反应，我们的引擎旋即被数发鱼雷命中，几乎完全损毁。好在护航舰队迅速做出反应。在维持了数十分钟的全面警戒后，我们确信它离开了。""",TTS-Zen断箭事故调查报告中披露的，被恢复的舰长日志,"未知条目

请更更更更更新数据库.",,
HSI_WuSeHai,SHIP,"""情报部门没给我们说过这个！""愤怒的舰长猛锤了一下桌面，然后扭头瞪着那位看起来也并不平静的公司高层，""你们都是吃干饭的吗？那是一整支相位舰队！还有一条*Astra粗口*超级相位主力舰！这就是你们说的最多比极光稍大？""

TTS-圣乔治号最终完成了那次传奇逃亡。在被不明舰队截击三次之后，严重损坏的圣乔治号幸运地碰到了一支友军的大型巡逻队，不明舰队再也没有出现。舰上所有数据全部丢失，速子科技只能通过幸存船员的描述获得情报。",,"未知条目

请更更更更更新数据库.",,
,,,,,,
,,,,,,
,,,,,,
HSI_Oath_GF3,SHIP,"升级了新式屏障发生器的精英型号，只配属给近卫舰队使用，并基于舰队的理念特点进行了进一步升级。

誓约-级 是理事会早期使用外星技术武装大型舰船的实验型号。誓约-级在多次行动中表现出了远超原有型号的战斗潜力，因而被迅速投入量产以取代老旧的 攻势-级。 誓约-级 在设计时就以维持和推进阵线为主要目标，配备了厚重的装甲和庞大的幅能缓冲区，代价是牺牲了电网的散热能力。

在 誓约-级 的第二次改造中，搭载了只能短时激活的时间线圈，以为这艘巨舰提供一定程度的战术机动能力。这一实验性改造很快进行了推广，成为 誓约-级 的标准配置，也是如今最广为人知的型号。

这种保有量巨大的主力舰在大崩塌后的一百年间始终是光环动力舰队的中流砥柱，直到新锐的 风月-级、山雨-级 和少量超级主力舰投入现役，许多舰队才把 誓约-级 从旗舰的位置上替换下来。",,,,
HSI_FengYue_GF3,SHIP,"升级了新式屏障发生器的精英型号，只配属给近卫舰队使用，并基于舰队的理念特点进行了进一步升级。

一艘庞大的攻击航母，能搭载远超人之领海军历史上任何型号航母的载机。除了巨大的机库和纳米生产车间外，风月-级 还安装了一套先进的联队管理系统，以调度其庞大的机队。舰体中安装有数套时空操作设备，能选择性加速机库生产设施、武器系统或是联队，进一步提高 风月-级 的战斗效率。自下水起，风月-级 就长期作为航母分队的中坚力量，以分队旗舰的身份活跃在光环动力舰队为数不多的航母分队中。",,,,
HSI_Promise_GF3,SHIP,"升级了新式屏障发生器的精英型号，只配属给近卫舰队使用，并基于舰队的理念特点进行了进一步升级。

诺言-级 是光环动力舰队中 统治者-级 的继任者。作为舰队的重巡洋舰保留了厚重的护盾和幅能缓冲区，并安装了一般光环动力舰船不具备的厚重装甲和结构强化场。代价是推进器能源减少而导致的机动不佳。通常在舰队中用于和其他舰船组成阵线，在高机动舰船撕扯出缺口后稳步推进并分割敌人。",,,,
HSI_Eagle_GF3,SHIP,"升级了新式屏障发生器的精英型号，只配属给近卫舰队使用，并基于舰队的理念特点进行了进一步升级。

金雕-级 扮演着机动远程火力支点的角色。换装屏障并未过多影响其战术风格，凭借无可挑剔的结构设计和武器配置， 金雕-级 可以说是舰船工业改造中变化幅度最小的。",,,,
HSI_Xianfeng_GF3,SHIP,"升级了新式屏障发生器的精英型号，只配属给近卫舰队使用，并基于舰队的理念特点进行了进一步升级。

朔风-级 开发于五十年战争后期，作为中型舰队的旗舰和航空支援舰使用。相较于老式航母，朔风-级 具备更精细规划的火力布局，使用较少的武器就能发挥出接近轻巡洋舰的火力。此外，在设计时就已经充分考虑到面对导弹火力的生存性，内置了一座当时声名鹊起的 反击 防空系统。",,,,
HSI_Qiming_GF3,SHIP,"升级了新式屏障发生器的精英型号，只配属给近卫舰队使用，并基于舰队的理念特点进行了进一步升级。

启明-级 是一款轻型航母，通常用作护航航母使用。均衡的火力搭配 IFF 干扰器，对轻型目标具备极高的杀伤力。",,,,
HSI_Weaver_GF3,SHIP,"升级了新式屏障发生器的精英型号，只配属给近卫舰队使用，并基于舰队的理念特点进行了进一步升级。

织缕-级 是一款轻型雷击舰。体型稍大，但配备了更强的引擎和脆弱船体的 织缕-级 并不如外观上那样笨拙。内置的生产设施使 织缕-级 能持续组织鱼雷打击。",,,,
HSI_YunYan_GF3,SHIP,"升级了新式屏障发生器的精英型号，只配属给近卫舰队使用，并基于舰队的理念特点进行了进一步升级。

作为主力护卫舰的 云烟-级 是在与速子摩擦加剧期间，为对抗扩展纪元小型舰船设计的重火力护卫舰。强悍的火力即使面对专业炮艇也不落下风。",,,,
,,,,,,
HSI_Apostle,SHIP,"由于Tripad内部可能存在的窃听算法，任何对此机体的描述都应使用完全无关的代称。它的新名字是""使徒""，携带有不可更换的两种主要武器。交由科学技术部评估后，此机体被认为""不具备任何需要封锁或研究的技术成果""，因而从重要资产中除名。最终通过某人的运作，""使徒""加入了你的舰队——作为纪念品。",,,,
,,,,,,
HSI_DayTime,SHIP,白昼-联队 的生产许可被封存在一块高度加密的特制只读装置中，仅能安装在舰载机生产车间中使用，通过任何其他方式读取和修改都会触发安全系统。这种极端的保密措施让你不得不怀疑这些如闪电般掠过战场的无人怪物到底来自何处。,,"未知条目

请更新数据库.",,
,,,,,,
#系统#,,,,,,
HSI_TimeShift,SHIP_SYSTEM,时间回流到3秒前。,特殊,,,
HSI_SubSpaceWalker,SHIP_SYSTEM,完全消失。提高机动性、最大速度和开火速度，系统持续期间无法开火。,特殊,,,
HSI_ShieldSuperCharge,SHIP_SYSTEM,消耗备用点数，以100%硬幅能的代价迅速为护盾充能。,特殊,,,
HSI_HMGTurretDeploy,SHIP_SYSTEM,部署一座安装有重机枪的炮塔。,特殊,,,
HSI_DeployCitadel,SHIP_SYSTEM,将携带的坚城-模块部署到指定位置，坚城被摧毁或结构低于20%时会被强制召回并修复。,特殊,,,
HSI_TimeWarp,SHIP_SYSTEM,在短时间内获得极高倍率的时间流速，如果是较大的舰船，还会进行一段短距离传送。,特殊,,,
HSI_TacTeleporter,SHIP_SYSTEM,传送到指定位置。,特殊,,,
HSI_ACE,SHIP_SYSTEM,大幅强化内置武器，系统结束后会强制进入排幅状态。,特殊,,,
HSI_SiegeMode,SHIP_SYSTEM,无法移动，获得巨大幅度的射程提升。,特殊,,,
HSI_Burial,SHIP_SYSTEM,传送到指定位置，期间持续释放亡蝶。,特殊,,,
HSI_TheBet,SHIP_SYSTEM,立即过载舰载机生产，持续补充舰载机并大幅提高舰载机性能。系统结束时所有舰载机立即被摧毁，整备时间永久增加33%。,特殊,,,
HSI_TorpedoFactory,SHIP_SYSTEM,再装填相当于 1250/2500/5000 伤害的所有非制导导弹武器的弹药，不足1枚的部分累计到下次装填。,特殊,,,
HSI_ElegySystem,SHIP_SYSTEM,灵视锁定的目标受到的伤害中等幅度提高。灵会攻击其中结构低于一定比例或一定数值的目标。,特殊,,,
HSI_UnstableTimeFlow,SHIP_SYSTEM,时间流速周期性变化。受到伤害时，自动触发少量时间流速提高，具有一定冷却时间。主动启动时，提高一定时间流速。,特殊,,,
HSI_EmergencyBarrier,SHIP_SYSTEM,获得一定额度的额外屏障。额外屏障无法超过屏障容量的 50% 。,特殊,,,
HSI_RapidReinforcement,SHIP_SYSTEM,立刻补充已损失的战机。,特殊,,,
HSI_IFFDisruptor,SHIP_SYSTEM,压制目标敌我识别系统，使其无法自动瞄准友方战机。,特殊,,,
HSI_HOH,SHIP_SYSTEM,"发射内置的""人理之锤""。",,,,
HSI_TimeShunt,SHIP_SYSTEM,将舰载的时空模块指向不同部分进行加速，切换被动加成。,,,,
HSI_ThorFury,SHIP_SYSTEM,持续向周围的敌对目标发射电弧。,,,,
HSI_LuminarFlow,SHIP_SYSTEM,降低屏障和船体受到的伤害。,,,,
HSI_Phaseteleporter,SHIP_SYSTEM,传送到指定位置。,,,,
HSI_DreadnoughtCharge,SHIP_SYSTEM,高速向前冲锋，无法转向和使用护盾。,,,,
HSI_DeepDive,SHIP_SYSTEM,进入难以被侦测的相位状态。提高机动性。,,,,
HSI_SpaceStorm,SHIP_SYSTEM,吸引周围的敌人，随后将敌人推开并造成伤害。大幅降低自身承受的伤害。,,,,
HSI_Arbaletrier_Support,SHIP_SYSTEM,弩手僚机加入战斗。,,,,
HSI_ShieldUp,SHIP_SYSTEM,获得少量伤害减免，大幅提高射程和射弹速度，大幅降低最大航速且与目标维持一定距离。,,,,
HSI_OverDrive,SHIP_SYSTEM,大幅提高最大航速和机动性，持续产生幅能。,,,,
HSI_TSControl,SHIP_SYSTEM,向指定方向快速移动，期间偏折附近的射弹、导弹与光束。免受时间流速降低的影响。,,,,
HSI_Maid_Support,SHIP_SYSTEM,性能翻倍！(额外部署一架相同的战机),,,,
HSI_DodgeFighter,SHIP_SYSTEM,向附近快速移动。期间抛射热诱弹。,,,,
HSI_UplinkFireControl,SHIP_SYSTEM,消除所有友军受到的电子战惩罚。小幅提高所有友军的能量和实弹武器的伤害和射程。无法叠加。,,,,
HSI_DeckLoadStrike,SHIP_SYSTEM,所有光环动力航母立刻部署所有联队的复制。对每条舰船有 120 秒内置冷却。,,,,
HSI_FinalFortress,SHIP_SYSTEM,降低自身的武器开火速度，提高最大装甲减伤和装甲最小值，降低受到的伤害。附近的敌对导弹会倾向于锁定自身。,,,,
HSI_FortifiedShield,SHIP_SYSTEM,大幅降低屏障受到的伤害。,,,,
HSI_OverBurstDrive,SHIP_SYSTEM,向前进行一段短距离加速。可以储存多次。,,,,
HSI_DayTimeAurora,SHIP_SYSTEM,大幅提高航速。,,,,
,,,,,,
#星球&势力#,,,,,,
HSI,FACTION,"前身为人之领外星技术研究所的光环动力，在大崩塌后逐渐形成了如今复杂的政治实体。其中最初成立的部门是光环动力舰船工业，也是最常用的对外名称。此外包括武器工业，科学技术部，安全部，战争部，内政部，财政部等十数个部门，是实际控制着人马座星区的巨型企业。

其领导者是以前任研究所所长，如今的理事长为核心的理事会。尽管理事们已经进行了数次更迭，理事长却从未改变。由于理事长本人无可动摇的权威，光环动力仍然保有相当程度对人之领的忠诚。试图动摇这点的理事要么很快回心转意，要么就此消失。

人马座星区在遮波战争和omega星云事件后，本土的大小势力几乎全都依附于光环动力和速子科技。由于人之领时期和速子科技的一点不愉快，以及双方对抗逐渐加剧，最终对峙摩擦发展为覆盖整个星区的全面战争。这场持续了五十年的星区内战，最终以光环动力胜出结束。速子科技的绝大部分力量被收编。战争结束前，速子科技人马座分部向英仙座星区发出了数道加密通讯。安全部判断其中可能包含关于星门的信息，因此理事会指令重启了接近完工的EHOF工程，在第二次ai战争白热化的阶段来到了破败的英仙座，因而并未受到过多阻力就成功建立了一处前哨站。",,,,
HSI_Intrusion,PLANET,被扭曲的事件视界投影。空间桥使投影从随机点变为了稳定点，光环动力得以向英仙座稳定输出舰队和资源。早期的几次投影中，附近的一颗流浪行星被引力捕获，在空间桥建立后成为了Intrusion的唯一行星。,,,,
HSI_SpaceBridge,CUSTOM,空间桥环绕着Intrusion的投影，其主体是一套复杂的空间稳定系统，光环动力在其上增设了科研机构以研究关于EHOF的其他应用。,,,,
HSI_Wanderer,PLANET,这颗流浪的冰冻行星被Intrusion的引力捕获，光环动力将这里作为英仙座前哨站，修建了完善的工业体系。由于Intrusion无法提供任何形式的光热，光环动力为Wanderer修建了星球级的供热系统。,,,,
HSI_Minion,PLANET,这颗流浪的冰冻行星环绕于Wanderer，与其一起被Intrusion的引力捕获，光环动力将这里作为英仙座前哨站，修建了完善的工业体系。由于Intrusion无法提供任何形式的光热，光环动力为Wanderer修建了星球级的供热系统。,,,,
HSI_Wanderer_Station,CUSTOM,环绕着Wanderer的重型空间站，作为光环动力在此星区的首个也是目前唯一已知的重型要塞，Wanderer先锋要塞被设计为最大型的空间防御设施。,,,,
,,,,,,
,,,,,,
,,,,,,
,,,,,,
,,,,,,
